type,id,name,shortDescription,description,founded,website,city,country,logo/id,logo/imageServiceUrl,logo/fileName,published,industries/0,industries/1,industries/2,industries/3,industries/4,industries/5,industries/6,industries/7,industries/8,industries/9,industries/10,industries/11,industries/12,industries/13,industries/14,industries/15,industries/16,industries/17,industries/18,industries/19,industries/20,industries/21,industries/22,industries/23,industries/24,industries/25,industries/26,industries/27,industries/28,industries/29,industries/30,industries/31,industries/32,industries/33,industries/34,industries/35
startup,4646512986423296,Taival Advisory Oy,Business & tech strategy co-creation services,"Taival is delivering the next generation of business, strategy and technology advisory services. We believe a strong core team combined with a wide and deep ecosystem of partners can deliver leading-edge business and technology services to both corporations and start-up companies.",2017-03-01T00:00:00.000Z,https://taival.com/,Espoo,Finland,5087493250613248,https://lh3.googleusercontent.com/DA3ZiQXlhU96Kjp3sEWu7Esm3xx6zTVMRUggVQ-iMr3wsjhTbbpnpKlHvXg-Voza83yLjnDyxbjUkjlERJNfUGmqU-Sze17jqiQs,taival_advisory.png,true,on-demand_services,,,,,,,,,,,,,,,,,,,,,,,,,,,,,,,,,,,
startup,4750661379948544,ProLocalis Oy,Connecting consumers to the best local products,"ProLocalis connects consumers to local producers of food, beverages, and tourism experiences",2017-10-01T00:00:00.000Z,http://www.prolocalis.com,Helsinki,Finland,,,,true,hospitality_and_travel,nutrition_food_beverages_supplements,health,agribusiness_and_farming,,,,,,,,,,,,,,,,,,,,,,,,,,,,,,,,
startup,4765556997619712,KYKLOS,Enabling gamers to find the perfect teammates,"Available in France and in the Nordics, KYKLOS is enabling gamers to find the perfect teammates to enter the amateur esport scene. 
We design a technical and a psychological profile for each user and then automatically push the most relevant profiles to create the best multiplayer experience on the market. Once the team is created, we reward the played time and the performance with a virtual currency which will be spent on our marketplace into discounts on different items. ",2018-11-01T00:00:00.000Z,http://gokyklos.com/,Paris,France,5641676068487168,https://lh3.googleusercontent.com/AI87T0wGqKwMX9UfvKUCC8-meobhVr6BPR0s4qTG3XQx0YhXijQw5Sk0BRkPEbaXABRCeBtHaH2qrDcJ8FdseXih0heYHxhOyyw,logo-tagline-HD.png,true,sports,gaming,,,,,,,,,,,,,,,,,,,,,,,,,,,,,,,,,,
startup,4787250474778624,Holda Technologies Oy,Analytics,Riskmanagement tool for investors,2017-04-01T00:00:00.000Z,https://holda.io,Espoo,Finland,5203516087861248,https://lh3.googleusercontent.com/wZe2EbdX-p6iGSv59uYnWhCZ_bBL-ttLbCosX-0z6YpaGjVO4DThF3LY8kSMg77q55vp_8JbEdjQ12O8E9INGsrKGaclYJ0Vsf77,holda.jpg,true,financial_and_insurance,construction_and_real_estate,,,,,,,,,,,,,,,,,,,,,,,,,,,,,,,,,,
startup,4813398772547584,Molnix Oy,Molnix Rapid Personnel Manager for humanitarian HR,"Is your personnel roster still in a spreadsheet? Molnix Rapid Personnel Manager brings proper HR tools to roster management for humanitarian organizations. With it, you can alert the right people in under 60 seconds. By automating and offloading many parts of Human Resource Management, it saves you time and money. We have proven the benefits in operation with the Finnish Red Cross. It is cloud based, available immediately, and works on desktop and mobile. 100% owned by us, but open for angels.",2014-10-01T00:00:00.000Z,https://molnix.com,Espoo,Finland,5087715448061952,https://lh3.googleusercontent.com/o84HZiUOIpDLryRyIqDiOghi9DAPRES6p5ojHTw_SQDP7S01UZhZdevGDFU8Wpjyb_ml1Rq2gv9KfPMGj3HigGcFrpXzJeGoKY5DFA,molnix.png,true,social_entrepreneurship,hr,education,89590a2b-8d44-4d83-aaf9-3fad0b5ff06f,impact,,,,,,,,,,,,,,,,,,,,,,,,,,,,,,,
startup,4828836596285440,Seloy Live Oy,"AV-industry, digital signage, construction industry","Seloy Live is providing customized interactive glass surfaces that enable immersive augmented customer experiences.

SENSE - Augmented Interactive Window gives exceptional experiences; Interaction is the key to brand engagement and customer engagement is everything. With Seloy Live SENSE you can make your brand really stand out. SENSE is a state-of-the-art combination of a transparent insulating glass unit and an interactive touch surface, available in any size up to 3 x 6 meters.",2016-04-01T00:00:00.000Z,http://seloylive.com,Espoo,Finland,5132209967071232,https://lh3.googleusercontent.com/_c6FN05PO6J57F8Fwd8rje2aeUFiA3k8fTNbVS_mtXXnZiniWvf1G2f1mUozugNI8ucYJSwoHDv0w6X84SYYeCsXhKrrIxz0tSo5,SeloyLIVE_customised_glass_surfaces.png,true,construction_and_real_estate,,,,,,,,,,,,,,,,,,,,,,,,,,,,,,,,,,,
startup,4843352612667392,Surgify Medical Oy,Medical devices,"In many fields of surgery and dentistry, bone has to be cut or removed without damaging the proximal soft structures. Surgify develops new solutions to protect these structures and prevent associated complications. Bleeding, infections and nerve injuries are some of the complications that can severely affect a patients quality of life. Surgify technology improves the safety, speed and precision of bone surgery to minimize these risks.",2017-05-01T00:00:00.000Z,http://surgifymedical.com,Espoo,Finland,5200794487881728,https://lh3.googleusercontent.com/Oa1R1QVUfQHZ3Xi0XOnLqMkvRM5JqdzXxoZ4zQkWZByeaLVi5F0KyHhUvP73JrQPpsYTaP6ZOoPvT0Fm5X9JVTw9Lfegtlunmq_R,Surgify_Official_3.png,true,health,medtech,,,,,,,,,,,,,,,,,,,,,,,,,,,,,,,,,,
startup,4874312280440832,Koru,Graphics OS platform for beautiful user experience,"* Our Vision is that touch experiences will spread everywhere.
!  Our mission is to empower brands to deliver unique user experience to their fans.
€ Featured on millions of smart watches available globally.
# We enable high-end user experience on low-cost HW. 
# We require 1000X less RAM than Wear OS for similar experience. 

€ Cashflow profitable 30+ world-class experts. 30% most experienced craftsmen have 40.000h of professional C-development skills.
",2013-04-01T00:00:00.000Z,http://www.korulab.com,Espoo,Finland,4554705476780032,https://lh3.googleusercontent.com/S0_Dd62mzmwjuqk_XrrWLqpnZ6DXdewtCsacYvarIz3kkC9uU8kZh-iAJI99fixSQE5maK-0oChpDKL33BIeY6KV_8eukFo9xC0P,koru_logo_master.png,true,Design,sports,consumer_electronics,,,,,,,,,,,,,,,,,,,,,,,,,,,,,,,,,
startup,4883413584576512,Infinited Fiber Company Oy,Textile,"IFC's process technology can turn textile, cardboard and agricultural waste to new and better cotton and not only once but infinitely without compromising in quality and comfort. I

FC is running industrial pilot production in Espoo Finland since March 2018 and the material have been successfully proven by major brands and their present supply chain partners. IFC's revenue 2018 is € 1,4 million from fiber deliveries and prelicense product sales.",2016-10-01T00:00:00.000Z,http://infinitedfiber.com,Espoo,Finland,5205764704567296,https://lh3.googleusercontent.com/ZCtxKqitYfVBtAFthIIp_dcZ3byt3y8p6q_OEuURLjost5S4nidzWvmoAkIlvZfwIOOeOFOoOiyn4SgRnD65KTZjjoooaB5IT89i,infinited_fiber_logo_transparent_background_2400px.png,true,materials_and_coatings,clothing_and_fashion,,,,,,,,,,,,,,,,,,,,,,,,,,,,,,,,,,
startup,4892202564059136,Viimatech Digital Oy,Viimatech is the cost leader in pump monitoring.,"Unique solution to optimize pumps and enable 1 000 000 000 EUR energy and maintenance cost savings in Europe with 30% costs to traditional systems. Extensive, scalable and easy to use solution is based to mathematical methods and cost optimized electronics.
Traction is proven in POC projects in water utilities and process industry. Team combines experience from global tech. business, university science and daily maintenance tasks.
A-round investment 2 MEUR in end 2019 for globalization.  
 
",2017-06-01T00:00:00.000Z,http://www.viimatech.com,Espoo,Finland,5708755706576896,https://lh3.googleusercontent.com/3IzJSC7hfs2-fXu6yL2kTW8wpGp2TGaIrDbe_XuAZSW8A2nA8x88wN4VLm1AXV820N-BJUiCTrh68z6iLEWrPPa3yiTBy5U1f_3a,LOGO2.png,true,oil_and_gas,metals_minerals_mining,water_and_wastewater,energy,,,,,,,,,,,,,,,,,,,,,,,,,,,,,,,,
startup,4904959355125760,Sensmet Oy,We let you see the quality of water in new light!,"Water is set to become the new oil as water scarcity spreads. Understanding the water quality continuously is the key for optimizing the water usage in industry and to prevent pollution.

This can be done with our TWA - Total Water Analyser™ technology, which lets customer truly understand the quality of the water – realtime. 

7 (years University R&D) + 4 (fulltime employees) + 1 (year as startup) = 200 000 (first year revenue)

We are looking 300k€ investment for market segmentation and entry.",2017-07-01T00:00:00.000Z,http://www.sensmet.com,Oulu,Finland,6331427448684544,https://lh3.googleusercontent.com/UUtP3UIZmFNOULlK-Jahc5NX2y984XSCbrCxn8Fz6Z87Oypekn21B26NcyrSW0KlbkFkBlQ1LXdqcFH3y_NDJ2pCmtvQ50IAXJ7B,sensmet_logo.png,true,water_and_wastewater,,,,,,,,,,,,,,,,,,,,,,,,,,,,,,,,,,,
startup,4914153269493760,SkenarioLabs Oy,Proptech & fintech,"We tell property owners, investors and financial institutes where to invest.

Our platform tells you where to put your money to manage both the value and the costs meaning future repairs and maintenance of your real-estate. Both residential and commercial. E.g. if you’re looking at 20000 units in your portfolio and you have a budget to invest in half… which units should you choose and why?",2015-02-01T00:00:00.000Z,http://skenariolabs.com,Espoo,Finland,5169858777972736,https://lh3.googleusercontent.com/zpDkDDs6C9gtleSqrWnRJJvFi2eI8AAiKcxuQVFCdXsZqUPgkbvde8c5mOu1rfERhxazWMwPM19dsry5dTW6QxC-WFgKPgisv1Gk,Skenarios-Logo-ColorBlk_800px_16.9.jpg,true,financial_and_insurance,construction_and_real_estate,,,,,,,,,,,,,,,,,,,,,,,,,,,,,,,,,,
startup,5032136356659200,Dailuge Inc.,Ohjaa knows what a Chinese traveller wants.,"For the first time, a Chinese traveller sitting in his couch at his Xi ´An home can discuss his travel plan `face to face ` with another Chinese standing by a window in his Reykjavik house. For the next 10 minutes, he might decide to talk with someone in Paris. Ohjaa is the first face-2-face trip planning service in the world.

Ohjaa engages 200+ Hosts and the Network covers 17 cities across Europe. We will cover all major European cities with 1000+ Hosts by the end of 2019.",2017-03-01T00:00:00.000Z,https://www.ohjaa.com/,Helsinki,Finland,5757956570218496,https://lh3.googleusercontent.com/0LIQpkjhqsaL_mXNPpZiOjpzgy23uGzoIc3rv21fpbwFyjiD1AK70Wa6Ug4FvG7IlMOZQ8KpKMrmdVAqIEDBo42m1L8G2khYCsK9,Ohjaa_logo_coral.jpg,true,travel,hospitality_and_travel,,,,,,,,,,,,,,,,,,,,,,,,,,,,,,,,,,
startup,5076560746905600,ANAXEOS,Pet wearables. The Next multi-billion dollar market.,"Best Shared Life with Dogs.
 
Reflects the mutual value data and technological advancements can offer for dogs and people living and working with them. ",2016-02-01T00:00:00.000Z,https://www.anaxeos.io,Helsinki,Global,5891456904462336,https://lh3.googleusercontent.com/rcAh4lxlSjQ5T0fmXRTfI0gYi3S73iPBe5ni8MwGoNDVuYXfMbVOa20UnCCdFq983pcwOrPOKxyUqEVRx2RoWVo-RPmqTUMbBxkYtg,anaxeos_graphite_TM.png,true,sports,retail,digital_health,,,,,,,,,,,,,,,,,,,,,,,,,,,,,,,,,
startup,5079433207611392,BOARDIO,Connecting companies with advisors,Boardio connects companies with skilled individuals available for advisory work. Boardio has a global pool of over 2000 candidates with skills and availability for advisory and board positions. Companies needing external advisors can post an recruitment ad for free and let interested advisors apply. Companies can also browse advisor base and contact the ones that seem to have skills needed. Using Boardio is free for both companies and individuals. Premium packages are also available.,2016-01-01T00:00:00.000Z,http://www.boardio.com,ESPOO,Finland,6242037770747904,https://lh3.googleusercontent.com/W_1umpSDuHtanIG28ayhqKCtQE3KmBEORkgB5Rzf-ro0ynjT-_zIP75OF7wSOat1vIjBS3hurj7Vzsf2fXa84PS69_Twx8Dm5Di5zQ,Boardio logo.png,true,marketing_and_communication,,,,,,,,,,,,,,,,,,,,,,,,,,,,,,,,,,,
startup,5091506696224768,RF SensIT ,Continuous moisture monitoring,Sensors for monitoring moisture in building structures.,2012-02-01T00:00:00.000Z,http://www.rfsensit.com,Espoo,Finland,,,,true,air_quality,,,,,,,,,,,,,,,,,,,,,,,,,,,,,,,,,,,
startup,5093108584808448,BroadBit Batteries Oy,Energy Storage / Batteries,"BroadBit has developed a novel low-cost/high-performance/robust/eco-friendly/scalable sodium chloride battery technology with 50% more energy per unit cost and 25% more energy per unit mass as lithium-ion. We are now seeking funders and partners to help us commercialize the technology for applications in electric vehicles, portable electronics and grid stabilization.",2015-12-01T00:00:00.000Z,http://broadbit.com,Espoo,Finland,5710855106723840,https://lh3.googleusercontent.com/qLyYqGNNwdVRzO_sGWW4IuE-7EG1zgdRnr5Yb4O9gxGkP6Sd3E75eLosDyZAOowmS_NXgzP0jYjETboxhtf0Ysn2ayiJiSsIWtr5,BBB logo 300ppi.png,true,automotive_and_transportation,energy,,,,,,,,,,,,,,,,,,,,,,,,,,,,,,,,,,
startup,5093723872428032,360Visualizer Oy,Hospitality,"Visualizer drives hotels’ sales by filling unused meetings and events capacity.

Visualizer Engage & Sell is a B2B software tool, which includes content management, distribution, and analytics. It is delivered as a service from the cloud via a web and mobile user interface. It is sold to hotels and venues and subscriptions are billed annually.",2013-02-01T00:00:00.000Z,http://visualizergroup.com,Espoo,Finland,5076324926357504,https://lh3.googleusercontent.com/y16OxKSHFZvsqDIsPNCwuK5jxp-8TdL2BvdkL6WWZnz8guibX1_k_PjnM628IiAPze1sHDj6I6hMmJ63jvIHqwSkRD7cY3OoK_A,Visualizer_logo_green_vertical.jpg,true,hospitality_and_travel,,,,,,,,,,,,,,,,,,,,,,,,,,,,,,,,,,,
startup,5124418560851968,Desentum Oy,Biopharma,"Desentum is a research-oriented biopharmaceutical company specialized in developing novel types of allergen immunotherapy products that are based on switching the immune system's response to allergens from hypersensitivity to tolerance. We have a unique approach for designing the hypoallergens used in immunotherapy. 
",2011-10-01T00:00:00.000Z,http://desentum.fi,Espoo,Finland,5655266787852288,https://lh3.googleusercontent.com/uNl78Au1idL5jpbPw2eMw7I9pbv-M6A94_zFg9OAlJWORwaMgLqzE66iPCyl6McepEoPAfhO5G_4rYQc38aI3V_ustSqASbmlBDr,desentum-logo-800x800px.png,true,pharmaceuticals,biotech,,,,,,,,,,,,,,,,,,,,,,,,,,,,,,,,,,
startup,5145373974724608,Paptic Oy,"Packaging, renewable materials, manufacturing","Paptic is unique combination of benefits of paper, plastics and textiles. It is extending the market of packaging papers and replacing plastics through technical performance and it is the only plastic replacing material which is recyclable in paper recycling, directly suitable for plastic converting machines and providing textile-like quality experience.",2015-03-01T00:00:00.000Z,http://paptic.com,Espoo,Finland,5168618539057152,https://lh3.googleusercontent.com/iTqksRirSv8LaS5JEzNoWpp12mSO7UMcU8zHx1yGwehS32dvNZqTHZNxPvk4qOICs-xivseBTV04upY3LYr24mxRp75ClMyzbMg,Paptic_Logo_JPG.jpg,true,manufacturing,materials_and_coatings,,,,,,,,,,,,,,,,,,,,,,,,,,,,,,,,,,
startup,5152369335599104,Smidyo,Quotation Automation for small businesses.,"Small Businesses that sell a complex product, such as manufacturing, or a service, spend a lot of time calculation quotes. 

That's why we have created an easy to use SaaS that allows the business owner to set up a self-service quotation portal for their customers.

We offer the low barrier of entry of something like Shopify, but the flexibility of an otherwise expensive bespoke system.",2017-12-01T00:00:00.000Z,http://smidyo.com,Uusikaarlepyy,Finland,5800291257548800,https://lh3.googleusercontent.com/LAEp0dWodTQukBevTqEEjYlzm1bruR82zdbRYEQt5qwGmz-UkjI_ZqvoZgxNE2uMkU5svdOuoKZupTE31hnT4PDLjWSaKvm6Ybc,small_logo.png,true,manufacturing,e-commerce,,,,,,,,,,,,,,,,,,,,,,,,,,,,,,,,,,
startup,5155044764680192,Oppi AI Oy,We develop an AI-based technology for education,"We use recent advances in AI to create a technology that makes education personalized, help teachers and learners enjoy new education, more effective and efficient.",2018-08-01T00:00:00.000Z,http://www.oppi.ai,Helsinki,Finland,4885175729127424,https://lh3.googleusercontent.com/rzDUWvKOtrULO5YK8O_QI0Kofdr3HITmQ_0FERJzSdmjmrQDHIYl2P6ttEAfd1gTDuR1JyhCooTCYv2THBOdlEExUTBfDOA7ZQ,oppi_logo.png,true,education,,,,,,,,,,,,,,,,,,,,,,,,,,,,,,,,,,,
startup,5175526356418560,ICEYE Oy,Aerospace and analytics,ICEYE is the first organization in the world to successfully launch synthetic-aperture radar (SAR) satellites with 20-fold weight savings and is the World’s leading company in miniaturized SAR technology. ICEYE empowers others to make better decisions in governmental and commercial industries by providing access to timely and reliable satellite imagery. The company is tackling this crucial lack of actionable information with world-first aerospace capabilities and a New Space approach. ,2014-09-01T00:00:00.000Z,http://www.iceye.com,Espoo,Finland,5637869485948928,https://lh3.googleusercontent.com/CzDmRfuoCT2tPb-L8nk0BAnzWnJAC8nGn1gL_Tg4LHY24IniWh8_4MOAJNrLM8MlRsh9344FnNdAphRF7NRcnO01XV3Lzv68K1ax,Iceye-logo-black.png,true,aerospace_and_defence,,,,,,,,,,,,,,,,,,,,,,,,,,,,,,,,,,,
startup,5177753464733696,Wizense Oy,IoT Solutions,"Wizense has specialized providing leading industrial IoT solutions from sensors, gateway connectivity, analytics pipelines, serverless backends to mobile applications.

Our IoT field connectivity offering called Fieldsight can get your business connected fast from industrial wearable to edge gateway.

Contact us for more information: info@wizense.com or call +358 40 8031910
",2016-03-01T00:00:00.000Z,https://wizense.com/,Vantaa,Finland,5751864561762304,https://lh3.googleusercontent.com/uAoC3qLGrKacqmfuXunn-niuWj0SESvLBtZoluTMEVpLDbfVKdBatO2AN6SRM6m-SYZwV5YLvo1eczmaONq8vl4TKeuXxAU7ShHFSQ,wizense_new_slogan-slim.png,true,manufacturing,,,,,,,,,,,,,,,,,,,,,,,,,,,,,,,,,,,
startup,5178081291534336,Teraloop Oy,Breakthrough in Electric Energy Storage,"As global demand for energy continues to grow we need to tackle three main challenges; improving the integration of renewable energies, reducing energy losses and increasing large scale energy storage. Furthermore, we need to oversee the future where we need to be 100% powered by renewable assets, we need to have our grid security designed to withstand heavy drops and loads of renewable energy, also to have a response system to react to rapid load demand from consumers and industries. ",2014-10-01T00:00:00.000Z,http://teraloop.com,Espoo,Finland,5078956801785856,https://lh3.googleusercontent.com/C9B0AdB5q7KN6R7nfXMq8PvjGBFyid4YGaegCd_CAiuTGrWDf68Fc3E5rZXNZyg0jYdfBaEMduXbkntq950g8D2e1xPK3Zx80RtjbA,Teraloop logo (1).jpg,true,energy,,,,,,,,,,,,,,,,,,,,,,,,,,,,,,,,,,,
startup,5179437226131456,GIM Oy,Leading mobile robotics company in EU,Gim is the leading mobile robotics company in EU. With our laser based navigation and control system any indoor or outdoor ground vehicle can be automated. System has been proved in several applications from indoor logistics to autonomous cars and forest machinery.,2014-01-01T00:00:00.000Z,http://www.gimltd.fi,Espoo,Finland,5731568492478464,https://lh3.googleusercontent.com/yuy_ujdu8cNknOCsRHgTcR0_N76nDZFNk_MD-EJjDZB7bTvvA9G_7FyUjffj5zDsB2m3zk9XHMWJt9RfotBm-WF6eHlWoKEhwgU,GIM_Roboticssvg.png,true,automotive_and_transportation,,,,,,,,,,,,,,,,,,,,,,,,,,,,,,,,,,,
startup,5181555517423616,Emergence Oy,Taival maintenance free location tracking solution,"Taival, GSM based location tracking solution.  Our biggest advantage is totally maintenance free device. No need to replace or re-charge batteries for ever. Our customers can reduce the amount of their assets by 20% or sell their service 20% efficiently. We are tracking our customers containers, skips, truck trailers, buoys, train vehicles and small machinery. We will offer mobile application and web user interface to manage assets. Or we can connect data into customers IT-system via REST-API",2008-02-01T00:00:00.000Z,https://www.taival.global/,Espoo,Finland,5738700218564608,https://lh3.googleusercontent.com/OnPd9PQQhBf_ducTZe9WoRRHuC1FiXj2PyE5F9VuJtKSdoRVusMR2kfb_5CW5EZktwnV9o9gfQXbPS7kmQ0kqwh0MWXfg9GwQY1KhQ,taival_logo_emergence_vertical_black.png,true,logistics,waste_and_recycling,automotive_and_transportation,,,,,,,,,,,,,,,,,,,,,,,,,,,,,,,,,
startup,5186025303310336,EEE Innovations Oy,Software-based solutions for ecological driving,"Our solutions eGRIP and eDAS aggregate data from vehicles and third-party sources to cloud where it is analyzed as real-time slipperiness, vehicle, driving style and traffic flow optimization information. The refined data is then sold to various third-party sources as insurance companies and logistics companies. 
The solution is scalable (SaaS) service for transporters, public transportation, logistics and road maintenance operators. We are looking for funding for geographical expansion.
",2014-06-01T00:00:00.000Z,http://www.e3inno.com,Espoo,Finland,5664961502117888,https://lh3.googleusercontent.com/NbsdIVl-l_2alAr-7X7Zsn0OcgPJ3AO3CrYolt8wi4fw0WRO3BF4WHMk4N2KtE7RvniDskYjv6rTQ1dtEyzBFEc5SxplPD5SoLGa,e3inno_posi_color.PNG,true,logistics,automotive_and_transportation,impact,,,,,,,,,,,,,,,,,,,,,,,,,,,,,,,,,
startup,5350200428199936,LUOTSI,Luotsi connects companies looking for partners,"Luotsi is your ultimate source for B2B connections. List your own company on Luotsi to find partners, funding, service providers or what ever your need is. Browse other companies and get in touch with the ones you want to co-operate with. Luotsi is completely free to use.",2018-08-01T00:00:00.000Z,http://www.luotsi.io,ESPOO,Finland,6244727292690432,https://lh3.googleusercontent.com/0lm86Gtr2zQ66W7rWFRQ2jmkU0c1JI_-PESy6XdPz9C8BkNXDtMw1e3BI_7Dmcv1HPAOrDTqAmLutpgyV7DlnkgNFwz6USQRiBEx,logo-int.png,true,marketing_and_communication,,,,,,,,,,,,,,,,,,,,,,,,,,,,,,,,,,,
startup,5369190424772608,Liikennevirta Oy,Electric vehicle charging solutions,We bring electric vehicles into peoples everyday life and as a part of energy system,2013-12-01T00:00:00.000Z,http://virta.fi,Helsinki,Finland,5206770867765248,https://lh3.googleusercontent.com/INVe334P5lmxWpbTTnzVuXhHAMEq9-RNynesTCfA5N4pZ4Sc0Cy40ew_MdAFT8H0fg5R1YIX1PZ5WAZv5n6hWOb4LHvg4a3t4W1G,virta.png,true,energy,,,,,,,,,,,,,,,,,,,,,,,,,,,,,,,,,,,
startup,5378078792482816,Replex,Enterprise Software Solutions,"As the central source of information of your IT inventory, Replex provides full transparency throughout your infrastructure, independent of the underlying technology. Replex consolidates critical information in real-time concerning actual server capacities and, therefore, can identify inefficiencies in your IT landscape instantaneously.",2016-01-01T00:00:00.000Z,http://replex.io,Duisburg,Germany,5710358266249216,https://lh3.googleusercontent.com/5uZ17r-NLZfs9Ib9aWiORJPoODZ1i3oWztcE54Ohfu-YSgInFmvJPfBo4iP2sd0LssNsniwKaSWPQZIPPURG83LGPsXrI8tWAdM,replex-logo-black.png,true,Diagnostics,,,,,,,,,,,,,,,,,,,,,,,,,,,,,,,,,,,
startup,5391786549706752,BackedByCFO Oy,Fintech,"SMEs get paid faster and lenders can approve more creditworthy Customers with real-time, behavioral credit model based on real-time payment behavior added by alternative data sources.",2016-06-01T00:00:00.000Z,http://backedbycfo.com,Helsinki,Finland,6250727496220672,https://lh3.googleusercontent.com/kphSiiVJc20s5Z3xoz6ILPf4aveA95rNNd0HOFrMOt2_fyzFErT4cqkMUTs6YEpCzR6TdX_vrM_1lumbrPKkQ-815yylzPf7gHGB,backedbycfo.jpg,true,financial_and_insurance,,,,,,,,,,,,,,,,,,,,,,,,,,,,,,,,,,,
startup,5427961951944704,Kartano Tech Oy,Crypto currecy webmining platform,Monero webmining platform to allow content creators receive donation through crypto currency mining meanwhile users are consuming contents on web sites,2017-03-01T00:00:00.000Z,http://kartano.net,Espoo,Finland,4776739548954624,https://lh3.googleusercontent.com/4jrfszj5yq9FhAgtXT158iY_eI7gu-bWd-mNEsnkOsN4_EMKiY4Hm_UQ0j-hDTJdl-q_jDcLlFFE89PzjiyGirynuZEhF9paF3g2,kartano-black-600x200.png,true,entertainment_and_media,cryptocurrencies,marketing_and_communication,,,,,,,,,,,,,,,,,,,,,,,,,,,,,,,,,
startup,5451760231514112,ContractZen ,"Contract Mngmt, Board Portal, eSignatures & VDR","No more missing documents, forgotten dates or painful preparations for internal or external audits. ContractZen is the ultimate solution for Everyday Due Diligence. One easy-to-use cloud service with contract and meeting management, virtual data rooms (VDR), e-signatures and more! Now with OCR, Office 365 Single Sign-On and Outlook calendar integration.",2014-09-01T00:00:00.000Z,https://www.contractzen.com,Helsinki,Finland,5464533195816960,https://lh3.googleusercontent.com/Kvpeu3qNyR10dPwjLF33FoEizCa8n8mwoJt7EMSK0fYFqmQ6cieuqWlsozxuIAF5rI2Q2VSh_Is-ouJEIv2QCRnrqTawCSJP386i,CZ-Logo_Blue_Hi.png,true,aerospace_and_defence,education,Diagnostics,877a9c3d-b530-4707-930e-69f4bb53a6f2,automotive_and_transportation,logistics,hr,retail,Design,oil_and_gas,manufacturing,e-commerce,metals_minerals_mining,energy,6f086252-72eb-445c-b155-a584245caa01,entertainment_and_media,gaming,digital_health,construction_and_real_estate,agribusiness_and_farming,sports,on-demand_services,89590a2b-8d44-4d83-aaf9-3fad0b5ff06f,consumer_electronics,health,marketing_and_communication,air_quality,pharmaceuticals,cybersecurity,clothing_and_fashion,biomaterials_and_implants,financial_and_insurance,nutrition_food_beverages_supplements,medtech,travel,biotech
startup,5457001333129216,Wowanders,World's smartest travel diary & sharing platform,"Wowanders automatically turns your trips into diaries and makes it easy to share recommendations on hotels, restaurants & sights with friends. By automating content creation we fundamentally change how people can share experiences.
Our revenues come from booking commissions and we're aiming at 45M€ revenues  in 2021.
In few months after soft-launching we already had 5 000 downloads and users had added 2500 trips.
We have gathered so far 200K€ financing, and next step is 500-800K€ seed round.",2017-08-01T00:00:00.000Z,http://wowanders.com,Helsinki,Finland,6297005097746432,https://lh3.googleusercontent.com/emui3TyIZi97kMg6pP4dAGic1QDPv3yp0ysLAZ57Tk31lKLmKNruM4mdG1VqcTBZuMDeB4q_Z_1yWKcGNRvl7QaUCnYJMSaSDcv5,wowanders_logo_rgb.png,true,travel,hospitality_and_travel,entertainment_and_media,,,,,,,,,,,,,,,,,,,,,,,,,,,,,,,,,
startup,5636026810761216,Cozify Oy,"IoT, Smart Home, Smart Living","Cozify makes smart devices play together. Cozify connects smart devices from different manufacturers into one seamlessly working entity. It provides a single application to control and automate homes and buildings – taking care of security, energy saving and comfort.

Cozify is already a popular end-user product and we have traction in partner sales. Our main goal is to offer a platform for other enterprises to make their own smart living offering.",2013-06-01T00:00:00.000Z,https://en.cozify.fi/,Espoo,Finland,6292550612680704,https://lh3.googleusercontent.com/1MOOt4AOED-NaF_k-HmbYntU7QLVp9qFBKBjJq0UrUKk8qFtqUUmO2AuLtNS-TdKa4z4D3mWnKmNgqVlOw5zNPJaH6sFwojWQZrB,cozify_logo_600px.jpg,true,construction_and_real_estate,,,,,,,,,,,,,,,,,,,,,,,,,,,,,,,,,,,
startup,5639026912526336,Addcomposites Oy,plug-n-play manufacturing tool and automation,"Composite manufacturers face a huge problem of labor driven manufacturing and a high cost of automation. Addcomposites product/technology solves this problem by process and value chain innovation. We provide plug-n-play manufacturing tool and automation

Business Model 
Industry/Market: Composite manufacturer for Automotive, Sports, Aerospace, Wind 
Revenues: Product sales/lease followed by an annual maintenance contract
Go to Market: Direct sales to users of the technology",2017-12-01T00:00:00.000Z,http://addcomposites.com,Espoo,Finland,5643172898144256,https://lh3.googleusercontent.com/1YDc1Tzdcfp2LQ8eKP7XR1mKrK_MNMy0NG77FJ_7RPA_daZRwm6OqNT78a9kjxdhvwUTKJhtj52o1mERzmY97l8z8RLG6dPFPfTb,addcomposite.png,true,materials_and_coatings,,,,,,,,,,,,,,,,,,,,,,,,,,,,,,,,,,,
startup,5639510700326912,Prinergy,Game changing solar energy technology for architecture,"Breakthrough in perovskite solar cell technology

Totally new way of producing solar cells.
Inexpensive, fully automated and scalable manufacturing process.
Tested, proofed and ready for making business.",2018-07-01T00:00:00.000Z,http://www.prinergy.io,Espoo,Finland,5170285254803456,https://lh3.googleusercontent.com/3fc3z51I8cIGtJGDMxqYh9osqaEzqzn488wedRGhL9xYPP15fL4yr_2zimFiJZM-ROh9TeaLqydOkOiZ353eFw1P9Aad-F4Gra2Z,prinergy.png,true,Design,manufacturing,air_quality,energy,,,,,,,,,,,,,,,,,,,,,,,,,,,,,,,,
startup,5640060892348416,EntoCube Oy,Leading edible insects farming solutions provider,"EntoCube is the leading edible insects farming solutions provider in the Nordics. We are an international team based in Espoo, Finland and our mission is to bring edible insects based food to everyone's attention by developing efficient farming solutions and super tasty insect products.",2014-12-01T00:00:00.000Z,http://entocube.com,Espoo,Finland,5142291060621312,https://lh3.googleusercontent.com/lCNDD-QctYSW5OGoPS02buu8Npvpxr4N-GaEmUUlqyLIzCpqKODw4R0PorpKyhkXt7utDtyAxHAxltZcxqrVHxkp-ub0R-qcOcJz,entocube.png,true,nutrition_food_beverages_supplements,agribusiness_and_farming,,,,,,,,,,,,,,,,,,,,,,,,,,,,,,,,,,
startup,5641906755207168,Aerial Coboticus,Multi-rotor industrial drones with robotic arms,"AERIAL COBOTICUS develops tethered multi-rotor industrial drones fitted with robotic arms to carry out high-precision work at heights or in inaccessible areas.
Our tethered industrial UAV fitted with robotic arms is able to perform high-precision work at heights in inaccessible areas.
Designed with rugged industrial components that have proven their value in industry, it can carry heavy weights (up to 100kg).",2015-05-01T00:00:00.000Z,http://aerialcoboticus.com/,Paris,France,5630742793027584,https://lh3.googleusercontent.com/3JqHRTubETM3n0jgZL4_0ACqKSRBHp0uAZb3tEmbk0Fp7IC-dJJcNEISzz5_c6nru4xE-knYJ-AgymmJ4VtvgTVtd3ljzef4qdDisA,AC.png,true,aerospace_and_defence,,,,,,,,,,,,,,,,,,,,,,,,,,,,,,,,,,,
startup,5642383161032704,Hodarifillari,#1 Catering,-,2016-01-01T00:00:00.000Z,http://www.hodarifillari.fi,Espoo,Finland,,,,true,nutrition_food_beverages_supplements,,,,,,,,,,,,,,,,,,,,,,,,,,,,,,,,,,,
startup,5642779036221440,Navigil Oy,Wellbeing and telehealthcare,"Rapidly growing cost of elderly care becomes unbearable unless independent living at home can be extended.
Our solution consists of the Navigil S1/S3 mobile telehealthcare wristwatches with mobile phone, GPS tracking and activity monitoring features supported by mobile communication, location and Navigil Rafael management services which enable blended care model and optimal use of scarce care resources. Up to 30% of healthcare cost can be avoided with preventive care of elderly persons.",2010-12-01T00:00:00.000Z,http://navigil.com,Espoo,Finland,4822945343995904,https://lh3.googleusercontent.com/BqLe4IGi_bboT1bNk-kXp8lC6sYrb7-KPKiGwhCub3yPVFWWPoT052H2nVDgYUEWa6Zy7vaZNU8MRAnzcwrhklvtzHbStXjS2f4,Navigil.jpg,true,health,medtech,digital_health,,,,,,,,,,,,,,,,,,,,,,,,,,,,,,,,,
startup,5648825477758976,KotiKyla.com ,Digital platform helping people to buy/sell homes,kkk,2018-01-01T00:00:00.000Z,https://kotikyla.com,Helsinki,Finland,5117730592129024,https://lh3.googleusercontent.com/tjuK1cdrQZ-ZeKIP0YoU4tgtlthS6WxNC2ytcO2-Bz-Gklp8fMxWAlokrTEmm93z9Nt5UWyyms5bclH3ZrBeOvnOGfFvrgNq3Rw,kotikylän logo317 isompi läpinäkyvä.png,true,e-commerce,construction_and_real_estate,education,,,,,,,,,,,,,,,,,,,,,,,,,,,,,,,,,
startup,5650258788876288,Custobar Oy,The only marketing platform for retail,"Strict focus on developing all product features solely for the mid-sized multichannel retailers has given us a good advantage to compete even against the high-end players in the market like Adobe and Salesforce. We have succeeded in selling our solution in 9 different countries and our MRR is in rapid growth.
",2014-10-01T00:00:00.000Z,https://www.custobar.com/,Helsinki,Finland,6267421899882496,https://lh3.googleusercontent.com/xHAagwZxSy89CE2DjJBfyyeAIuUEtjwyPnFs-mPerl7rjZ6BQkAj7ZhceDn748tvLzx3uJBLAzv5raRSioSfMM_6aHJgfHLFAQ-6HA,Twitter_400x400.jpg,true,marketing_and_communication,,,,,,,,,,,,,,,,,,,,,,,,,,,,,,,,,,,
startup,5668600916475904,Firstbeat Technologies Oy,Performance analytics for sports and well-being,"Firstbeat is the leading provider of science-based performance analytics for sports and well-being. Hundreds of elite sports teams, thousands of employers, and millions of consumers worldwide trust us to reach their potential with confidence.",2002-09-01T00:00:00.000Z,http://firstbeat.fi,Jyväskylä,Finland,5741031244955648,https://lh3.googleusercontent.com/e0KfFe1K33ODZzxxQNvmxEEBKs5fJSlvZhxV7wlx--ZLg60JyVqacLpFct5LdVFL4yursP4EF3kQNyd2TyV-dnPKJhcdUXRZ17Q,firstbeat_logo_slush.jpg,true,sports,,,,,,,,,,,,,,,,,,,,,,,,,,,,,,,,,,,
startup,5672749318012928,Tekliko,Turn health data into valuable information,"Spe3dLab is an open source data analysis platform to turn health data into valuable information. The tool was co-developed and co-designed with INSERM laboratories in France, as well as practicians at AP-HP and CHRU Brest.
Spe3dLab is involved in various proof of concept projects in the following fields: reanimation, hospital hygiene, ambulatory as well as forensic medicine units and in a mutual insurance project.",2015-01-01T00:00:00.000Z,http://speedlab.io,Paris,France,5649050225344512,https://lh3.googleusercontent.com/H7FUzj8TNaICvH_4zDFUQwSTTIOi8helFC-FOP6ZOP68DmkLxKZjoOBb86D08-P19A80UMUENxEu5cotndu6rb1g5_1GfuQAkxk,logo_tekliko_1000x239.png,true,Diagnostics,digital_health,,,,,,,,,,,,,,,,,,,,,,,,,,,,,,,,,,
startup,5676533754626048,Sensible 4 Oy,"Robotics, AI, transportation and mobility","Best in the class vehicle automation system for difficult environments. The solution is based on intelligent combination of various sensors scanning the surroundings of a vehicle and an artificial intelligence and software developed in-house, which is controlling and navigating the vehicle. It has been tested in harsh Finnish winter conditions. Our automation system is platform free and can convert cars and other vehicles to automated ones so that they can be driven driverless.",2017-02-01T00:00:00.000Z,http://sensible4.fi,Espoo,Finland,5111103625363456,https://lh3.googleusercontent.com/7XB9_n8AR-1dZkRKtDFORjIiq9iZbi_bjJZnY3e0ZAqIG8MbmnQiAQzNBPVWNSUkp0Dvz50UoVKmsLFPJrkwXQou25MLEJMyj5Qq,S4_logo2_color.png,true,automotive_and_transportation,,,,,,,,,,,,,,,,,,,,,,,,,,,,,,,,,,,
startup,5684907766448128,Mesensei,Private social networks,B2B Platfrom for building GDPR compliant private social networks with great mobile UX,2016-09-01T00:00:00.000Z,http://www.mesensei.com,Espoo,Finland,5480426990731264,https://lh3.googleusercontent.com/QWBP9plnuy6LE7RNJ1ir_d87bGv0k1iUOKsRDBC-ges3w_BBMZgqzps3R2N2okABSwPUXGLroReftmpV2LnHQgbkt-cR_b-TD8MlFQ,Mesensei.jpg,true,marketing_and_communication,,,,,,,,,,,,,,,,,,,,,,,,,,,,,,,,,,,
startup,5691127080419328,Sekho Brothers Oy,"IT services, Kuittilompakko service for e-receipts ","We have develop Kuittilompakko service for receiving, archiving and delivering receipts to accounting firms. Aim is to get rid off unnecessary paperwork and automatize the whole process with structured receipt data.

Benefits:
- Handling receipts with one application
- An easy way to handle receipts
- Transferring receipts to accounting softwares in real-time

How to use
- Register to service
- Link payment/loyalty card
- Make purchases and receive e-receipt automatically
",2015-02-01T00:00:00.000Z,https://kuittilompakko.fi,Pirkkala,Finland,,,,true,on-demand_services,,,,,,,,,,,,,,,,,,,,,,,,,,,,,,,,,,,
startup,5697302505193472,Reaktor Space Lab Oy,Space Technology,"Reaktor Space Lab provides state-of-the-art nanosatellite technology & space-based services. We help companies expand their business beyond Earth by co-created space missions. In-house design and manufacturing in Otaniemi, Finland.",2016-05-01T00:00:00.000Z,http://reaktorspace.com,Espoo,Finland,6295758684815360,https://lh3.googleusercontent.com/bU_yS_MPj4twg-zZkFETJCqRaQvfCMT4kLiTUjehSwtAgr5PHNoWanS9cDCZlw_XcADhTtk-0PliWSsMFnOQpewN_lrnQzSAg4D6,reactorspacelab.png,true,aerospace_and_defence,,,,,,,,,,,,,,,,,,,,,,,,,,,,,,,,,,,
startup,5705241014042624,Dispelix Oy,See-through-displays for augmented reality devices,"Dispelix is a fabless supplier and developer of see-through-displays for augmented reality devices manufacturers and developers. Dispelix See-through-displays delivers thinnest, lightest and best form factor. This is realized by the single layer design. Total thickness of the waveguide is .8mm",2015-10-01T00:00:00.000Z,http://dispelix.com,Espoo,Finland,5748345607815168,https://lh3.googleusercontent.com/psHjYm1UEEbEOcLjaeN9sTciW_E_cLcph4b5QFI8YTf_RFjPrkRo2SxX8Vgkv8LhOUe7syHaaaA87XuhJGzZ8Ah0cgCVq9h3oRQ0,dispelix_logo_RGB.jpg,true,consumer_electronics,materials_and_coatings,,,,,,,,,,,,,,,,,,,,,,,,,,,,,,,,,,
startup,5706275094528000,CARFIT,Monitor and predict maintenance like never before,CARFIT leverages vibration analysis with edge learning to create self-learning predictive maintenance solutions for the aftermarket and for native integration into parts and new car platforms.,2016-01-01T00:00:00.000Z,http://car.fit/,Paris,France,5641497726681088,https://lh3.googleusercontent.com/c84KS1XbWN_LziceUdWPz4yzBzLoX0tSjLNPwzShSp3czYhCiQ6wLoyYsbH3eN4QqigGmINzRaBo--aeK88IizRnbet1gjdfcgKrWQ,CARFIT_Logo_201601215-02.jpg,true,consumer_electronics,on-demand_services,automotive_and_transportation,,,,,,,,,,,,,,,,,,,,,,,,,,,,,,,,,
startup,5713573250596864,Skillgrower oy,The best solution for learning math using AI,"Skillgrower is an online learning platform for math. Studying is more fun and efficient due to AI and gamification. Customers are schools and the after-school market. Our team Hans unique knowhow and we have created a well received first product with minimal funds (around 60k). Our pilots with Tampere and Espoo have generated more interest than expected. 
We are looking for investors with knowhow of growing startups and people with connections in relevant fields.",2016-06-01T00:00:00.000Z,http://skillgrower.com,Espoo,Finland,6449742993162240,https://lh3.googleusercontent.com/8Wivq88CMrao5TMxHa4eY62uymF8VpOLAqng8sYKQgP2csRjAlvjje3Khx0XF5LaPMvFJBi-55xvaPv0ADMPO9ICtqumBnKXChwGJA,730596e3-c894-4ffd-9547-85ba10ee89b4.png,true,education,impact,,,,,,,,,,,,,,,,,,,,,,,,,,,,,,,,,,
startup,5724948068827136,Consair oy,Coming soon...,Coming soon...,2012-04-01T00:00:00.000Z,http://consair.fi,Helsinki,Finland,,,,true,air_quality,construction_and_real_estate,,,,,,,,,,,,,,,,,,,,,,,,,,,,,,,,,,
startup,5733636452122624,Futuretournaments Oy / Ultrahack,International innovation contests and hackathons,"Ultrahack’s mission is to provide an outstanding community experience to solve humanity's greatest challenges and foster the most innovative technological advances. Ultrahack is a tool for open innovation serving all industries. Ultrahack attracts thousands of experts and dozens of growth companies every year. Ultrahack has implemented hackathons with +100 companies including Asian Development Bank, United Nations (UN), NASA, ESA, CGI, SAP, IBM, Nokia, Microsoft and Nordea.",2013-05-01T00:00:00.000Z,http://www.ultrahack.org,Espoo,Finland,5187247892594688,https://lh3.googleusercontent.com/P7FaZ3uox5ZuWduEKfdVGneVFhzbSGluKaXpdhWkxCAjNI2EQmsl_1Jlr5BwLWurIdeozD1hF67wfFn57mfoyOIUhvM5RbM0z1Q0,Ultrahack-logo.jpg,true,aerospace_and_defence,education,Diagnostics,automotive_and_transportation,logistics,social_entrepreneurship,waste_and_recycling,cryptocurrencies,retail,water_and_wastewater,Design,hospitality_and_travel,materials_and_coatings,manufacturing,e-commerce,energy,entertainment_and_media,agribusiness_and_farming,construction_and_real_estate,digital_health,sports,on-demand_services,impact,consumer_electronics,health,air_quality,marketing_and_communication,pharmaceuticals,cybersecurity,financial_and_insurance,nutrition_food_beverages_supplements,medtech,travel,forestry,biotech,
startup,5737442330017792,VimAI Oy,Augmented Reality/indoor positioning,"VimAI provides wide area AR navigation and ubiquitous multi-user AR. The basis of the solution is positioning that is based on image recognition and makes thus location-based AR possible . With VimAI buildings can be converted to augmented spaces filled with virtual things all around. Our key customer segments are process industries, shopping malls and building maintenance companies. Also different public buildings, like museums and opera have been interested in our offering.",2017-05-01T00:00:00.000Z,http://vim.ai,Espoo,Finland,5664488955052032,https://lh3.googleusercontent.com/ADNFc52uh4iWyyuwH3aaTMV_vhQyWb35m9FDhMTJNBsVJcMIVcKjXvOzl0K6lZ4lfZyu8rMBE3uDhVQJmuQYpE9lQbA6C7eTnx-d,VimAI_Logo_v3.png,true,entertainment_and_media,gaming,construction_and_real_estate,manufacturing,marketing_and_communication,retail,energy,,,,,,,,,,,,,,,,,,,,,,,,,,,,,
startup,5742796208078848,Ambronite Oy,"Food & Beverages, E-commerce","Our mission at Ambronite is to help urban professionals to thrive and live life to the fullest with healthy food products.
Complete Meal Shake, our first product, contains 100% of everything your body needs and quenches hunger. Next year, we are expanding our product lines.
Ambronite has customers in over 30 countries and has been covered by e.g. TIME Magazine, Wired, Wallpaper and Business Insider.
We are venture backed by investors such as Jawed Karim (YouTube co-founder) and Lifeline Ventures",2013-10-01T00:00:00.000Z,http://ambronite.com,Helsinki,Finland,5673261526417408,https://lh3.googleusercontent.com/OCRof3UksoQTjlocI5hmCdJ9NbEIez7VZck04jyk4jR4dP4m_p4hE3-Acas7Af9HT89OukzWs_Sq_AdZhFfeTbgqy245AePwrgVKUQ,ambronite.jpg,true,nutrition_food_beverages_supplements,e-commerce,agribusiness_and_farming,,,,,,,,,,,,,,,,,,,,,,,,,,,,,,,,,
startup,5746985747349504,RoadCloud Oy,Enabling self-driving cars,"Providing road information that matters - way ahead
With dedicated hardware installed into carefully selected fleets of vehicles, we collect data that matters. The data is refined into information products providing unique opportunities for our customers and fleet partners.Working on autonomous driving, road maintenance or traffic information systems? See how you can benefit from our services!",2014-08-01T00:00:00.000Z,https://roadcloud.fi/,Espoo,Finland,5743661174226944,https://lh3.googleusercontent.com/DClujHVgpJ_vkWQmpBeeEu8v0uASGpDZUV08rbTABzu1e6YkmdvPPZHcrnw6g8ubIU2_S8BlmowYwzRKLkJqIC8Zt0Tk7qSvu4k,roadcloud.jpg,true,automotive_and_transportation,,,,,,,,,,,,,,,,,,,,,,,,,,,,,,,,,,,
startup,5813999014772736,Celltrum Oy,"Telecommunications, IT",Netradar is a mobile analytics company with the mission to enable high-quality connectivity. We provide decision-making solutions for the mobile industry based on real-time data gathered worldwide.,2017-09-01T00:00:00.000Z,http://www.netradar.com/,Espoo,Finland,6280944671522816,https://lh3.googleusercontent.com/bN3gyoWgxLmmK1AR-5xC4R9mlnsuBwK2EotyCEgiz5pkhZS-t0BSPg3BFHpCRDOAFGKYOVOdVdhATQPtRJNBYP8Nm9CjbGeKtXo,Netradar Logo.gif,true,entertainment_and_media,hospitality_and_travel,aerospace_and_defence,gaming,Diagnostics,automotive_and_transportation,consumer_electronics,marketing_and_communication,,,,,,,,,,,,,,,,,,,,,,,,,,,,
startup,5855053231423488,Lukoton Experience Oy,Replaces keychains with your mobile phone as a key,Lukoton replaces mechanical keys and access tags with the one thing people always have with them: the mobile phone. Access is controlled by Lukoton Key Cloud and existing lock bodies upgraded with easy to install lock adapters. Our target users are professionals that need to carry or pick up and return hundreds of keys to get their job done. Stanley Security has invested in us and we are doing projects together but we are looking for 1-2 MEUR investment to speed up our development and growth.,2014-12-01T00:00:00.000Z,http://www.lukoton.net,Vantaa,Finland,4805833858744320,https://lh3.googleusercontent.com/SxroHw3zdOLRq7jm3X1FqPBBEFJ7O-W44Oi4AKNH2ytDSM2z_r5QrHfzzgDEJMsbIgfwTuAHK_dD_uy9VLDNOh5Br2sDbJg0Z7lB,2016_Lukoton_Logo_Vaaka_RGB.png,true,hospitality_and_travel,e-commerce,construction_and_real_estate,877a9c3d-b530-4707-930e-69f4bb53a6f2,automotive_and_transportation,,,,,,,,,,,,,,,,,,,,,,,,,,,,,,,
startup,5882668059197440,Fuusio Labs,Fuusio cloud is content publishing platform for 3D,"Fuusio cloud is content publishing platform for the 3D world. It bridges the gap between the 3D / 360 content you have and the channels of distribution, including web, apps, e-commerce and social media. Everything behind an easy user interface that anyone can use. If you have CAD models, 3D or 360 content and are looking for easy ways to share and deploy, then this one is for you.",2017-04-01T00:00:00.000Z,http://www.fuusiolabs.com,Helsinki,Finland,5974223608610816,https://lh3.googleusercontent.com/rM5lYwTS4GcO-nXpt0pBipa-ujXcby2X1ElD1V2Uo-BAcmVqJbzFb86j4zYRIGQBYwdgRyoDRSOwMcUoSvfdrn583WanBYvPTHA,FUUSIO1.png,true,e-commerce,marketing_and_communication,,,,,,,,,,,,,,,,,,,,,,,,,,,,,,,,,,
startup,5939298679390208,DeskMe,DeskMe enhances your office experience,"DeskMe brings a much-needed efficiency to the office industry by establishing a natural out-of-your-way booking experience on a 3D office map, engaging internally-designed IoT hardware and connecting to the network of public co-working offices to flexibly scale your office needs! It is a unique concept that has already been validated by real paying Customers!",2017-08-01T00:00:00.000Z,https://deskme.com,Helsinki,Finland,5319718105776128,https://lh3.googleusercontent.com/Kt3seXNwFR0N3DJ491InuMmA63VqVdvlVaozg0sHHpIyJhhi-RgJ2OcHSEFqH5EdhlsObYLP8vO3ixolltW1gjwphaR6pL1gNUk,DeskMe-Pyramid.png,true,construction_and_real_estate,materials_and_coatings,on-demand_services,877a9c3d-b530-4707-930e-69f4bb53a6f2,,,,,,,,,,,,,,,,,,,,,,,,,,,,,,,,
startup,5949626398015488,Salusfin Ltd,Smart Living Company,"Salusfin provides means to track and manage living conditions: energy consumption, environmental  measures, security/safety and comfort level.
Four key capabilities: 
* Controlling energy consumption, 
* Sensing environmental measures, 
* Metering/Reading consumption meters and 
* Reporting/integration",2013-04-01T00:00:00.000Z,https://salusfin.com/,Espoo,Finland,5012102313934848,https://lh3.googleusercontent.com/G1KesJI5-J-IbDn8wym7g8iNMZ0guEjZfqpjLN7xu58DR5cFLLaLewVwK6FObYsfuG6Ke4UWU_15W2mTBHu0Kvyi3iLNR4922q67,SF_Smart_Living_Company-456x211_72dpi.png,true,construction_and_real_estate,,,,,,,,,,,,,,,,,,,,,,,,,,,,,,,,,,,
startup,5954736503128064,CollectiveCrunch Oy,Analytics,"CollectiveCrunch is a leader in AI for the forestry industry. We ‘collect’ technical, climate and geo data to ‘crunch’ this information for deeper insights and prediction. We predict wood mass and quality of forest inventories and bring a step-change to prediction accuracy.",2016-06-01T00:00:00.000Z,http://collectivecrunch.com,Espoo,Finland,5126463837700096,https://lh3.googleusercontent.com/K_FuRNV01LuA7B7icmemX7_ac8cr8rPxOkqepMhz5cL_dsx2WgQH9oZfAj-M0lqn9tTfeklz1NF5tdB6fsLMndt6ZsLdR3oadPpu,CC full logo white copy.jpg,true,agribusiness_and_farming,Diagnostics,on-demand_services,forestry,,,,,,,,,,,,,,,,,,,,,,,,,,,,,,,,
startup,6017298775146496,Forethink Oy,UX design solution and AI personalization,"Create smart digital catalog! Optimizing the product feeds per individual shoppers, seamlessly while they browse the products. Metaphorically, we help online stores to build a conveyor belt sushi restaurant type of UX experience with AI chefs.",2018-07-01T00:00:00.000Z,http://www.forethink.net,Espoo,Finland,6553861858787328,https://lh3.googleusercontent.com/9TtHs8aoVdgHdbZq8Cp1rZLWWAtilGSgKTjh6zGymtaGrG-IIm_Dsh2PVhUqGv3SlaufQTBp3LGURYDR312fm298V5nrrq0oapXr,Forethink Logo_Burg@1x.jpg,true,Design,e-commerce,marketing_and_communication,,,,,,,,,,,,,,,,,,,,,,,,,,,,,,,,,
startup,6081766234259456,Katana Technologies,IoT as-a-service,We simplify the implementation and adoption of industrial IoT solutions for farming and agriculture,2018-11-01T00:00:00.000Z,http://www.katanatech.io,Espoo,Finland,,,,true,on-demand_services,agribusiness_and_farming,,,,,,,,,,,,,,,,,,,,,,,,,,,,,,,,,,
startup,6202224833200128,Valo Motion Oy,"Sport, games and leisure","Valo Motion creates exiting physical games that are beyond reality. Our games are fun sports entertainment that is perfect from kids to the gym beasts. We supercharge climbing with ValoClimb and create thrilling experiences on trampolines with ValoJump. We have successfully launched these two products to the global markets. Our happy customers in 45+ countries include activity parks, indoor playgrounds, climbing and fitness gyms for whom our products are a unique experience in a compact space.",2016-09-01T00:00:00.000Z,http://valomotion.com,Espoo,Finland,5092316834430976,https://lh3.googleusercontent.com/lELYM8asP4F5zn8bxPoQCDXwXLHYARF92dLo0J9F0qOProjfRP9A0bmAaYw-fS0ZMYrER_Q_4fiYMb6VbxFF4fCmwXRQkAot3Ifr,Valo_Motion_Logo2_Color_On_White_Background.png,true,entertainment_and_media,gaming,education,,,,,,,,,,,,,,,,,,,,,,,,,,,,,,,,,
startup,6219008491651072,Privaon Oy,Data protection,"We are a globally recognized specialist and software company in the fields of Privacy and Data Protection. We help our customers and provide solutions in the areas of Privacy Risk Management and Privacy Engineering. We provide our customers the tools for risk assessments and privacy management along with various consultation services.

Our guiding principle “Privacy does not prevent cool things from happening” leads us in everything we do!",2014-11-01T00:00:00.000Z,http://privaon.com,Espoo,Finland,5746670839005184,https://lh3.googleusercontent.com/dCbZcJ18C41NprtPxlH9a_iksSF68HYnnDBorgXN67yjr48nl5rjmf0Fx989PBggrHyhzkkPDYn4i9cMNggGIGyOAUetifBMrgdk,privaon-logo-black-blue.png,true,cybersecurity,,,,,,,,,,,,,,,,,,,,,,,,,,,,,,,,,,,
startup,6224182887055360,Deal Room Events Oy,Event platform for networking,"Deal Room is a platform that gets people to meet for making deals. A meeting scheduling tool allowing participants to organise one to one meetings among themselves.
",2018-02-01T00:00:00.000Z,http://www.dealroomevents.com,Helsinki,Finland,6211775431180288,https://lh3.googleusercontent.com/vGf78KMF9krSF-5-KSzfAK46qHb5s83tnpL7wO6otvM-mivtiqJC3kTG1BGhYVORcHkPprhwdNLejSq-CEXd-rWgWhPvGJfQRBN5,Deal-Room-Logo-in-app-blue.png,true,hospitality_and_travel,e-commerce,marketing_and_communication,89590a2b-8d44-4d83-aaf9-3fad0b5ff06f,impact,,,,,,,,,,,,,,,,,,,,,,,,,,,,,,,
startup,6253094962724864,Girdit Oy,GIRDIT offers UAS operations as a service ,"Girdit provides industrial scale UAS operations as a service to its customers.  
Services include:  
* Surveying: topographical, geophysical  
* Surveillance: search & rescue, border control  
* Telecommunications: Satellite like service with increased mobility",2016-04-01T00:00:00.000Z,http://www.girdit.com/,Espoo,Finland,6279111660011520,https://lh3.googleusercontent.com/pJGFviD-7x7wlJIktNHu3dmSFvbXmhAK0nzWNVc7V_0rHQ7temGIudPZvsQMx19Mib35aTlOFMrV6246lCHA0qaWJ0UFSobZX8Wg,girdit_logo_flat.png,true,automotive_and_transportation,,,,,,,,,,,,,,,,,,,,,,,,,,,,,,,,,,,
startup,6253715082182656,ViiBE,The technology of visioassistance without download,"ViiBE helps industrial technical support and after sales services operate the best remote diagnosis, reduce experts' displacements, optimize first contact resolution rates and improve technicians and customers' satisfaction through a remote assistance experience.
Our Web application enables experts to see incidents in real time through the back camera of the interlocutor's smartphone, snap and share images or any document, draw on them, guide with augmented reality features and much more.",2018-11-01T00:00:00.000Z,http://viibe.co,Paris,France,5764529581457408,https://lh3.googleusercontent.com/vhhEdZrPdcP9-jGHNNGvM7cU77nrnBrge7rbV0-mMPUPEpIyk2M_sZo3l1nDMj7ulWyp8b7L_D_FhKis3UwDYkd1vbWXoqSKTzS6,logo_ViiBE.png,true,on-demand_services,,,,,,,,,,,,,,,,,,,,,,,,,,,,,,,,,,,
startup,6258109873913856,everynet,Internet of Things,"Everynet is a leading Low Power Wide Area (LPWA) technology network operator with access to networks around the globe including the Americas, EMEA, and APAC.",2017-06-01T00:00:00.000Z,https://everynet.com/,Espoo,Finland,4831648155697152,https://lh3.googleusercontent.com/PksRNcMfDcUJqwbgwh7Zm6sLC4sej7-GXPq20uZLmXx5voakWSRHrxm_bthwssuTPXQyAhpeT6PaoeXa-60R3N85G1_tHdGLAMmMHw,everynet_colorx2.png,true,marketing_and_communication,,,,,,,,,,,,,,,,,,,,,,,,,,,,,,,,,,,
startup,6268037187502080,Puheet.com,True. Good. Useful. Make sense of behavior,"To make optimal business decisions, one must understand customer needs, wants and desires. Invite your stakeholders to co-create and utilize all other textual feedback. 
Our solution has tools to build and manage an online community, create surveys, maintain discussions, and to present ideas with images, videos, and text. 
You get state-of-the-art analytics, insights, nice visuals and best of the breed natural language processing tools.
An example application is cutting customer churn by 50%.",2010-05-01T00:00:00.000Z,https://www.puheet.com,Espoo,Finland,6249018099236864,https://lh3.googleusercontent.com/Q2ZyCQgTjIKxzDJ-F1uRNQsnlLU_wCqyefXSuveQ1bXfy9PqUYcXP7h5mlrHhVC1KQ6tloRGTCBB0x9dT3fkv2eMsWio-RZVoSw,Logo - puheet.com - turquoise on transparent.png,true,Design,6f086252-72eb-445c-b155-a584245caa01,entertainment_and_media,financial_and_insurance,marketing_and_communication,retail,,,,,,,,,,,,,,,,,,,,,,,,,,,,,,
startup,6284668475277312,Bald & Grey Hair,Fintech,"We automate asset trading with AI.

This is how we can adapt to market changes efficiently and accordingly. Managing an automated portfolio of validated strategies helps us to avoid human biases and achieve more sustainable and reliable returns.

We are a team of aspiring financial engineers and statisticians with a courageous mindset. Our vision is to combine the power of algorithms and state of the art statistical innovation with financial markets.",2018-07-01T00:00:00.000Z,http://baldandgreyhair.com,Helsinki,Finland,5322609558290432,https://lh3.googleusercontent.com/3pN_TpCPfN6m3rL2rZ7Y3kNFcJti7eky3R6OG7VhWlyh2hu2iIhdM5NBLs9Wpp53GS8ssuadQg3DSS7eI-2QTNGt8ep2EP0yZXY,bgh_blacktext.png,true,financial_and_insurance,,,,,,,,,,,,,,,,,,,,,,,,,,,,,,,,,,,
startup,6285020595486720,Work Pilots Oy,"WorkPilots, mobile on-demand job matching platform","WorkPilots is a unique mobile-first service that connects young people in need of work with households, companies and organizations which can utilize youth to handle their seasonal, on-demand and sporadic tasks (so-called gigs). WorkPilots approach is building social impact. Organizations can easily find motivated workers at a fair price, young people gain access into the workplace, and at the same time, a positive social impact to combat youth unemployment is created. 
",2015-10-01T00:00:00.000Z,http://www.workpilots.fi,Espoo,Finland,6006029317832704,https://lh3.googleusercontent.com/opA_pS6cnn72rVDmFVIwv-Xcagtq9aDOsrK7n3SIAGDArKKINrluensKTafSKoSbYf5UiJGK4pHoM-kEZzokUkuZsHJV0Ua6iM6j,WP_logo.jpg,true,logistics,hr,on-demand_services,impact,,,,,,,,,,,,,,,,,,,,,,,,,,,,,,,,
startup,6294518445899776,Mobile Wellness Solutions MWS Oy,"Software, Health & Wellness",Wellmo is a b2b SaaS company driving the preventive digital health megatrend in insurance business and other selected segments. Our solution is a content agnostic platform enabling branded and differentiated health app leveraging local health content and services. This platform & ecosystem approach is gaining increasing traction on the market. Wellmo has paying customers in 5 European countries and is on a solid growth track at close to 100% p.a. for the third year.,2012-10-01T00:00:00.000Z,http://wellmo.com,Espoo,Finland,5698529657880576,https://lh3.googleusercontent.com/ycIeQBJ_l1HLXv0l_wkuqgHFQ3LC092VfeZvc7uZtljoK_ayNDNowg6W6-jAWvEdKTA3zd3VV2A_nrB-Q43AfrKY6_6DKkKu0Io,Wellmo_logo1.png,true,medtech,digital_health,sports,on-demand_services,,,,,,,,,,,,,,,,,,,,,,,,,,,,,,,,
startup,6332279798366208,Funzilife Oy,"Mobile service, Education","Funzi is an award-winning mobile service from Finland that delivers learning and training to everyone, everywhere.

Funzi’s mission is to provide everyone access to quality learning cost effectively, and to deliver the best learning experience on mobile - with little or no cost to the end-user.",2014-02-01T00:00:00.000Z,http://funzi.fi,Espoo,Finland,6227852634619904,https://lh3.googleusercontent.com/1_ToplzmYE6xgc7hcIFrFVLnTvYEuJwbRVDCyIyvyBe-6FOfF5wm21Z2Or-MEG63ghIA9APQySbxruzsXodiiyjZBDvRlJqfZ-mFIA,funzi-logo-900px.png,true,education,,,,,,,,,,,,,,,,,,,,,,,,,,,,,,,,,,,
startup,6494683719008256,Helpten Oy,Car as a service digital platform provider,"Provider of  CaaS digital platform for car dealers and fleet management companies with Saas Business model. Enabling bundling of car financing, parking, fuel, car wash, easy communication with IoT data from cars and integration to ecosystem partners. Car and related service is sold as a one monthly fee. In Finland we are having as our customers and partners big car dealers, Santander, Lähitapiola, Elisa, ABC, Falck. 2019 we aim to expand to  countries in Europe. We seek funding for expansion",2007-10-01T00:00:00.000Z,http://www.helpten.com,Espoo,Finland,,,,true,automotive_and_transportation,,,,,,,,,,,,,,,,,,,,,,,,,,,,,,,,,,,
startup,6551358027071488,Mapple Analytics Oy,AI powered location intelligence software,"Mapple provides an AI powered location intelligence software to help cities and real estate companies better understand the area they are developing. By applying insights on people, infrastructure and mobility they can evaluate current situation and forecast the impact of their investment. Our team is made of GIS experts, data scientists and growth hackers. We are currently looking for partners, new customers and first seed investment. ",2018-06-01T00:00:00.000Z,http://mapple.io,Helsinki,Finland,5135967023267840,https://lh3.googleusercontent.com/GGIRttiPm_2xUKpcZzAhtkvWwQjko9yab122pgaQObJu-Cj-YWU7Lfr5K1E4Wx7XZCcdT0ygTiNrByQywjq6-Fhxk_DihkRB3kR1,logo100x100.png,true,air_quality,construction_and_real_estate,automotive_and_transportation,impact,,,,,,,,,,,,,,,,,,,,,,,,,,,,,,,,
startup,6555031163633664,Solar Water Solutions Oy,MAKE DRINKING WATER WITH  ZERO EMISSIONS,"We run on solar, we run off-grid.
We run on solar, no diesel needed.
We run on solar, sunshine doesn't cost a penny.
Make drinking water with zero emissions. Revolutionary SolarRO-system helps you to produce safe and affordable water locally in remote locations. You'll avoid the transport of water and bottled water. Potable water can be made directly from seawater, lakes, rivers, ponds or boreholes.
The products are mobile and scalable to suit your capacity requirements. Powered fully by solar. ",2015-05-01T00:00:00.000Z,https://solarwatersolutions.fi/,Espoo Finland,Finland,4665096370388992,https://lh3.googleusercontent.com/gEWWMrlfbIBfs0Jyyisxg8mkdKKDcODoB0P6ycgWeYGK8WZrrf20MJp5ACmQQPA7VzVWwMe8csjP1B0grs2z11cVJ3qzWRHgn3ax,SWS-Logo kopio.jpg,true,water_and_wastewater,,,,,,,,,,,,,,,,,,,,,,,,,,,,,,,,,,,
